usr,ERROR,INFO
ac,2,2
usr,ERROR,INFO
ahmed.miller,4,2
usr,ERROR,INFO
blossom,6,2
usr,ERROR,INFO
bpacheco,2,0
usr,ERROR,INFO
breee,5,1
usr,ERROR,INFO
britanni,1,1
usr,ERROR,INFO
enim.non,3,2
usr,ERROR,INFO
flavia,5,0
usr,ERROR,INFO
jackowens,4,2
usr,ERROR,INFO
kirknixon,1,2
usr,ERROR,INFO
mai.hendrix,3,0
usr,ERROR,INFO
mcintosh,3,4
usr,ERROR,INFO
mdouglas,3,2
usr,ERROR,INFO
montanap,4,0
usr,ERROR,INFO
noel,3,6
usr,ERROR,INFO
nonummy,3,2
usr,ERROR,INFO
oren,7,2
usr,ERROR,INFO
rr.robinson,1,2
usr,ERROR,INFO
sri,2,2
usr,ERROR,INFO
xlg,4,0
